id,type,title,summary,plain_language,primary_domain,domains_json,stage,difficulty,estimated_hours,cost_band,risk_band,contexts_json,tags_json,requires_json,outputs_json,lifecycle_state,evidence_level,source_refs_json,payload_json,version,updated_at
foundation.verify-and-cite,skill,Verify and Cite Practical Claims,"Evaluate practical claims by checking source quality, recency, evidence, and applicability before acting.","Before you trust a claim, check who said it, when they said it, what evidence they show, and whether it fits your situation.",foundation,"[""foundation""]",foundation,1,1.5,free,low,"[""general"", ""renter"", ""homeowner"", ""urban"", ""rural"", ""low_budget"", ""off_grid""]","[""verification"", ""research"", ""evidence"", ""decision-making"", ""media-literacy""]",[],"[""claim-check worksheet"", ""source comparison note""]",draft,compiled,[],"{""performance_statement"": ""Assess a practical claim, cite the supporting evidence, and explain whether the claim is usable in a real decision."", ""inputs"": [""claim or recommendation"", ""source list"", ""publication dates"", ""local constraints""], ""tools"": [""web browser"", ""notebook or worksheet"", ""AI assistant (optional)""], ""materials"": [""claim-check worksheet""], ""steps_summary"": [""State the claim in one sentence."", ""Identify the original source, date, and evidence offered."", ""Compare at least two independent sources or one primary source and one reviewer."", ""Mark what is known, unknown, and locally variable."", ""Record a decision with a citation trail.""], ""success_criteria"": [""The worksheet names the claim, source, date, and evidence quality."", ""The learner can distinguish primary from secondary support."", ""The final note states whether to act, wait, test, or reject.""], ""failure_modes"": [""Treating popularity as proof."", ""Ignoring dates and using outdated guidance."", ""Failing to separate general advice from local conditions.""], ""safety_boundary"": ""This skill does not authorize high-risk action; when consequences are significant, escalate to qualified local guidance and primary sources.""}",1.0.0,2026-03-13
foundation.measurement-and-units,concept,Measurement and Units for Practical Work,"Understand quantities, conversions, estimation, and tolerances so plans and calculations use comparable units.","If you cannot measure it in the same units, you cannot compare it or size it correctly.",foundation,"[""foundation""]",foundation,1,1.5,free,low,"[""general"", ""renter"", ""homeowner"", ""urban"", ""rural"", ""low_budget"", ""off_grid""]","[""measurement"", ""units"", ""numeracy"", ""calculation"", ""estimation""]",[],"[""units cheat sheet"", ""conversion table""]",draft,compiled,[],"{""definition"": ""A shared language of quantity that allows materials, loads, water, time, and space to be compared without confusion."", ""key_questions"": [""What quantity am I measuring?"", ""What unit is appropriate for this decision?"", ""How do I convert between common household and technical units?""], ""misconceptions"": [""Precision and accuracy are the same thing."", ""Bigger numbers always mean more capacity regardless of unit."", ""Approximation is useless unless it is exact.""], ""formulas_or_rules"": [""Choose one working unit before calculating."", ""Write units next to every number."", ""Estimate first, then calculate, then sense-check.""], ""units"": [""gallon"", ""liter"", ""watt"", ""watt-hour"", ""volt"", ""amp"", ""square foot"", ""degree F"", ""degree C"", ""psi""]}",1.0.0,2026-03-13
foundation.systems-mapping,skill,Map Household and Community Systems,"Map inputs, outputs, dependencies, and failure points in a system so you can see what matters first.",Draw the system before you try to fix the system.,foundation,"[""foundation""]",foundation,2,2.0,free,low,"[""general"", ""renter"", ""homeowner"", ""urban"", ""rural"", ""low_budget"", ""off_grid""]","[""systems-thinking"", ""mapping"", ""dependencies"", ""troubleshooting"", ""planning""]",[],"[""household systems map"", ""dependency list""]",draft,compiled,[],"{""performance_statement"": ""Create a clear map of a household or local system that shows how resources flow, where bottlenecks exist, and what fails first."", ""inputs"": [""target system"", ""basic measurements"", ""known dependencies"", ""failure scenarios""], ""tools"": [""paper or whiteboard"", ""markers"", ""camera or scanner (optional)""], ""materials"": [""system mapping template""], ""steps_summary"": [""Choose a system boundary such as water, food, shelter, or power."", ""List inputs, outputs, storage points, dependencies, and single points of failure."", ""Mark critical nodes, backup paths, and failure consequences."", ""Rank which dependencies are easy, medium, or hard to replace."", ""Convert the map into a one-page operating view.""], ""success_criteria"": [""The map shows inputs, outputs, and at least one likely failure path."", ""Critical dependencies are visible and ranked."", ""Another person can read the map and understand the system.""], ""failure_modes"": [""Drawing a process list instead of a system map."", ""Ignoring hidden dependencies such as fuel, internet, or weather."", ""Making the diagram so detailed that it cannot guide action.""], ""safety_boundary"": ""This activity is observational and planning-oriented; do not test failure scenarios on live systems unless it is safe and reversible.""}",1.0.0,2026-03-13
foundation.ai-grounded-research,skill,Use AI for Grounded Research and Synthesis,"Use AI to summarize, compare, localize, and draft while keeping claims tied to checkable sources and local constraints.","Use AI like a fast research assistant and translator, not like a prophet.",foundation,"[""foundation""]",foundation,2,2.0,free,low,"[""general"", ""renter"", ""homeowner"", ""urban"", ""rural"", ""low_budget"", ""off_grid""]","[""ai-literacy"", ""research"", ""summarization"", ""comparison"", ""localization""]","[{""mode"": ""all_of"", ""ids"": [""foundation.verify-and-cite""], ""n"": null}]","[""prompt pack"", ""source comparison brief""]",draft,compiled,[],"{""performance_statement"": ""Use AI to speed up explanation and comparison while preserving a verifiable chain back to sources, dates, and local constraints."", ""inputs"": [""question or task"", ""source material"", ""local context such as budget or climate""], ""tools"": [""AI assistant"", ""browser"", ""note template""], ""materials"": [""prompt pack"", ""claim-check worksheet""], ""steps_summary"": [""Frame the task in plain language and define the decision to be made."", ""Ask AI to summarize and compare sources with explicit citations or references."", ""Cross-check the high-risk or time-sensitive claims against primary or recent sources."", ""Ask AI to localize the plan by budget, region, housing type, or available tools."", ""Save the final decision note with sources and caveats.""], ""success_criteria"": [""The output names which claims were source-checked."", ""The learner can explain where AI helped and where human verification took over."", ""The final note is adapted to a real local scenario.""], ""failure_modes"": [""Accepting confident wording as evidence."", ""Prompting for conclusions without defining constraints."", ""Forgetting to verify recency, law, code, or safety boundaries.""], ""safety_boundary"": ""AI outputs are draft material; do not use them as sole authority for code, medicine, legal matters, or high-risk technical action.""}",1.0.0,2026-03-13
foundation.household-resilience-inventory,project,Build a Household Resilience Inventory,"Create a baseline inventory of needs, dependencies, tools, contacts, and vulnerabilities for a household.",Write down what the household depends on before an outage or disruption writes it down for you.,foundation,"[""foundation""]",foundation,2,3.0,low,low,"[""general"", ""renter"", ""homeowner"", ""urban"", ""rural"", ""low_budget"", ""off_grid""]","[""inventory"", ""baseline"", ""resilience"", ""household"", ""planning""]","[{""mode"": ""all_of"", ""ids"": [""foundation.measurement-and-units"", ""foundation.systems-mapping"", ""foundation.ai-grounded-research""], ""n"": null}]","[""household inventory sheet"", ""priority gap list""]",draft,compiled,[],"{""goal"": ""Produce a single reference packet that shows what the household needs to stay functional for 72 hours and two weeks."", ""deliverables"": [""household inventory sheet"", ""critical-needs list"", ""contacts list"", ""priority gap list""], ""acceptance_criteria"": [""The inventory covers water, food, shelter, sanitation, communications, medicines, transport, and power."", ""Every item has a quantity, location, and owner or steward where relevant."", ""The packet highlights the top five vulnerabilities and the easiest next improvements.""], ""time_box_hours"": 3.0, ""budget_band"": ""low"", ""team_size"": 1}",1.0.0,2026-03-13
water.safe-storage,skill,Store Potable Water Safely,"Store potable water in usable quantities, containers, and intervals so it stays available and identifiable.","Clean water only helps if you can store enough of it, find it fast, and trust the container.",water,"[""water""]",household,1,1.5,low,low,"[""renter"", ""homeowner"", ""urban"", ""rural"", ""low_budget"", ""off_grid""]","[""water"", ""storage"", ""sanitation"", ""preparedness"", ""containers""]","[{""mode"": ""all_of"", ""ids"": [""foundation.measurement-and-units""], ""n"": null}]","[""storage table"", ""container label set""]",draft,compiled,[],"{""performance_statement"": ""Calculate water quantities for a time window, choose appropriate containers, and label and rotate stored water correctly."", ""inputs"": [""household size"", ""storage duration"", ""container options"", ""space constraints""], ""tools"": [""marker"", ""measuring container"", ""storage worksheet""], ""materials"": [""food-safe containers"", ""labels"", ""cleaning supplies""], ""steps_summary"": [""Estimate minimum and preferred daily water quantities per person and use case."", ""Match the total volume to actual containers and storage locations."", ""Label date, source, intended use, and rotation interval."", ""Separate drinking water from utility water if using both."", ""Record the plan in a storage table.""], ""success_criteria"": [""The plan covers at least one minimum-duration target."", ""Containers are identified, dated, and assigned to uses."", ""Storage locations are realistic for the dwelling.""], ""failure_modes"": [""Using unknown or contaminated containers."", ""Storing too little water for heat, pets, or sanitation needs."", ""Failing to label and rotate containers.""], ""safety_boundary"": ""Use only appropriate containers and local health guidance; storage does not replace proper treatment when source quality is uncertain.""}",1.0.0,2026-03-13
water.treatment-selection,concept,Select an Appropriate Water Treatment Method,"Understand treatment methods and match them to the likely contaminants, water source, and available equipment.",Different water problems need different fixes; no single treatment method solves everything.,water,"[""water""]",household,2,1.5,free,moderate,"[""renter"", ""homeowner"", ""urban"", ""rural"", ""low_budget"", ""off_grid""]","[""water"", ""treatment"", ""filtration"", ""disinfection"", ""contaminants""]","[{""mode"": ""all_of"", ""ids"": [""foundation.verify-and-cite"", ""foundation.ai-grounded-research""], ""n"": null}]","[""treatment decision matrix""]",draft,compiled,[],"{""definition"": ""A decision framework for matching likely water hazards to suitable treatment methods and limits."", ""key_questions"": [""What problem am I treating: particles, microbes, chemicals, or salinity?"", ""What does this treatment remove well, poorly, or not at all?"", ""What are the capacity, maintenance, and failure signs of the method?""], ""misconceptions"": [""All filters remove all contaminants."", ""Clear water is necessarily safe water."", ""Boiling solves chemical contamination.""], ""formulas_or_rules"": [""Match method to contaminant class."", ""Multiple barriers are often stronger than one."", ""Capacity, contact time, and maintenance matter as much as device choice.""], ""units"": [""microns"", ""liters"", ""gallons"", ""minutes"", ""ppm""]}",1.0.0,2026-03-13
water.basic-testing,skill,Run Basic Household Water Checks and Tests,Inspect and test source or treated water at a household level and record the results in a simple log.,A small amount of testing catches many obvious failures before they become a household problem.,water,"[""water""]",household,2,2.0,low,moderate,"[""renter"", ""homeowner"", ""urban"", ""rural"", ""low_budget"", ""off_grid""]","[""water"", ""testing"", ""logging"", ""quality-control"", ""observation""]","[{""mode"": ""all_of"", ""ids"": [""foundation.verify-and-cite"", ""water.treatment-selection""], ""n"": null}]","[""water test log""]",draft,compiled,[],"{""performance_statement"": ""Perform a basic set of observable and kit-based checks, document what they mean, and decide whether to store, retreat, or reject the water."", ""inputs"": [""water sample"", ""test method or kit"", ""decision thresholds"", ""log sheet""], ""tools"": [""test kit or strips"", ""clean sample container"", ""timer"", ""pen""], ""materials"": [""log sheet""], ""steps_summary"": [""Inspect the sample for clarity, odor, container condition, and labeling."", ""Run the selected household-level test according to its instructions."", ""Record date, source, test type, result, and interpretation."", ""Compare against the chosen threshold or action rule."", ""Decide whether to store, retreat, re-test, or reject.""], ""success_criteria"": [""The log captures the source, date, method, and decision."", ""The learner can explain the limit of the chosen test."", ""The final action is consistent with the result and context.""], ""failure_modes"": [""Using expired or misread test materials."", ""Drawing conclusions beyond what the kit can show."", ""Failing to document the sample source and date.""], ""safety_boundary"": ""Household tests are screening tools; if the consequences of error are high, use certified testing and local public-health guidance.""}",1.0.0,2026-03-13
water.household-water-plan,project,Build a 72-Hour and 2-Week Household Water Plan,"Produce a practical household water plan covering quantity, storage, treatment, testing, and contingency options.",A water plan turns scattered gear and half-remembered ideas into a usable operating system.,water,"[""water""]",household,2,3.0,low,moderate,"[""renter"", ""homeowner"", ""urban"", ""rural"", ""low_budget"", ""off_grid""]","[""water-plan"", ""household"", ""contingency"", ""preparedness"", ""operations""]","[{""mode"": ""all_of"", ""ids"": [""foundation.household-resilience-inventory"", ""water.safe-storage"", ""water.treatment-selection"", ""water.basic-testing""], ""n"": null}]","[""household water plan"", ""water source and storage map"", ""retest schedule""]",draft,compiled,[],"{""goal"": ""Build a household-ready plan that covers how much water is needed, where it comes from, how it is treated, how it is tested, and what to do when one path fails."", ""deliverables"": [""household water plan"", ""source and storage map"", ""treatment decision matrix"", ""retest schedule""], ""acceptance_criteria"": [""The plan covers drinking, hygiene, food prep, pets, and essential cleaning where relevant."", ""At least one backup source or fallback path is named."", ""The plan can be followed by another household member without additional explanation.""], ""time_box_hours"": 3.0, ""budget_band"": ""low"", ""team_size"": 1}",1.0.0,2026-03-13
food.pantry-design,project,Design a Functional Household Pantry,"Design a pantry around calories, diet, shelf life, cooking needs, budget, and storage conditions.","A pantry works when it matches what people actually eat, how they cook, and how long they may need it.",food,"[""food""]",household,2,3.0,low,low,"[""renter"", ""homeowner"", ""urban"", ""rural"", ""low_budget"", ""apartment""]","[""pantry"", ""storage"", ""nutrition"", ""budgeting"", ""household""]","[{""mode"": ""all_of"", ""ids"": [""foundation.measurement-and-units"", ""foundation.household-resilience-inventory""], ""n"": null}]","[""pantry map"", ""shopping gap list"", ""category labels""]",draft,compiled,[],"{""goal"": ""Create a pantry layout and stocking plan that matches the household's real diet, budget, storage space, and disruption window."", ""deliverables"": [""pantry map"", ""category labels"", ""shopping gap list"", ""minimum-duration stock target""], ""acceptance_criteria"": [""The design covers staple foods, proteins, fats, seasonings, and special dietary needs where applicable."", ""Storage conditions and package sizes fit the dwelling and cooking setup."", ""The output distinguishes minimum stock from aspirational stock.""], ""time_box_hours"": 3.0, ""budget_band"": ""low"", ""team_size"": 1}",1.0.0,2026-03-13
food.pantry-rotation,skill,Rotate and Replenish Pantry Stock,"Rotate and replenish stored food systematically so stock remains familiar, usable, and current.","Stored food is only useful if it stays edible, visible, and part of normal household practice.",food,"[""food""]",household,1,1.5,free,low,"[""renter"", ""homeowner"", ""urban"", ""rural"", ""low_budget"", ""apartment""]","[""pantry"", ""rotation"", ""inventory"", ""household"", ""maintenance""]","[{""mode"": ""all_of"", ""ids"": [""food.pantry-design""], ""n"": null}]","[""rotation sheet"", ""reorder cadence""]",draft,compiled,[],"{""performance_statement"": ""Use labels, placement rules, and a simple review schedule to keep pantry stock fresh and aligned to actual use."", ""inputs"": [""pantry layout"", ""current stock"", ""date labels"", ""review interval""], ""tools"": [""marker"", ""labels"", ""shelf or bin system"", ""inventory sheet""], ""materials"": [""rotation sheet""], ""steps_summary"": [""Group items by use, shelf life, and replacement frequency."", ""Place older stock in front and newer stock in back."", ""Record quantities and trigger points for replenishment."", ""Review the pantry on a repeating schedule."", ""Retire, donate, or repurpose items before they become waste.""], ""success_criteria"": [""The household can find and use stock without guesswork."", ""Review dates and reorder triggers are visible."", ""Expired or stale items are not accumulating unnoticed.""], ""failure_modes"": [""Buying without a rotation habit."", ""Storing items that no one regularly cooks or eats."", ""Failing to set reorder triggers.""], ""safety_boundary"": ""Follow local food-safety guidance and product labeling; when in doubt about safety, discard rather than gamble.""}",1.0.0,2026-03-13
food.safe-preservation-basics,concept,Understand Safe Food Preservation Boundaries,"Understand the safe boundaries of freezing, drying, fermenting, and canning-related decisions before preserving food.",Preservation methods create very different risks; do not treat them as interchangeable.,food,"[""food""]",household,2,1.5,free,moderate,"[""renter"", ""homeowner"", ""urban"", ""rural"", ""low_budget""]","[""food-safety"", ""preservation"", ""freezing"", ""drying"", ""fermentation""]","[{""mode"": ""all_of"", ""ids"": [""foundation.verify-and-cite"", ""foundation.ai-grounded-research"", ""food.pantry-design""], ""n"": null}]","[""preservation safety card""]",draft,compiled,[],"{""definition"": ""A conceptual boundary map showing which preservation methods fit which foods, what their limits are, and when guidance must come from authoritative process sources."", ""key_questions"": [""Which preservation methods are low-risk vs higher-risk?"", ""What environmental factors make preserved food safer or less safe?"", ""When is authoritative process guidance essential?""], ""misconceptions"": [""Any preserved food that looks fine is safe."", ""A successful batch proves the method was sound."", ""Drying, fermenting, freezing, and canning have the same risk profile.""], ""formulas_or_rules"": [""Match method to food type and moisture/acid profile."", ""Use authoritative process guidance for higher-risk methods."", ""When a method depends on exact procedure, improvisation shrinks safety margin.""], ""units"": [""time"", ""temperature"", ""pH"", ""water activity""]}",1.0.0,2026-03-13
food.seed-starting,skill,Start Seeds Reliably,"Start plants from seed with correct timing, medium, light, moisture, and labeling.","Strong seedlings come from consistent conditions, not from luck.",food,"[""food""]",productive,2,2.0,low,low,"[""renter"", ""homeowner"", ""urban"", ""rural"", ""low_budget"", ""apartment""]","[""gardening"", ""seed-starting"", ""horticulture"", ""planning"", ""seasonality""]","[{""mode"": ""all_of"", ""ids"": [""foundation.measurement-and-units""], ""n"": null}]","[""seed-start log"", ""germination setup""]",draft,compiled,[],"{""performance_statement"": ""Start seeds in a controlled way, document the variables, and produce healthy seedlings or a clear diagnosis of what failed."", ""inputs"": [""crop choice"", ""planting date"", ""light plan"", ""watering plan""], ""tools"": [""seed trays or containers"", ""labels"", ""light source or window"", ""timer (optional)""], ""materials"": [""seed mix"", ""seeds"", ""water"", ""log sheet""], ""steps_summary"": [""Choose crops and dates based on local season and transplant window."", ""Prepare containers, medium, labels, and a light plan."", ""Sow at the correct depth and moisture level."", ""Track emergence, watering, and light exposure in a log."", ""Harden off or re-seed based on results.""], ""success_criteria"": [""Containers are labeled and dated."", ""The log shows sowing date, crop, and emergence observations."", ""The learner can explain at least one likely cause if germination or growth is weak.""], ""failure_modes"": [""Starting too early or too late for local conditions."", ""Under-lighting seedlings and producing weak growth."", ""Overwatering and damping off.""], ""safety_boundary"": ""Follow seed packet and local climate guidance; avoid introducing contaminated soil or plants into indoor living spaces.""}",1.0.0,2026-03-13
food.beginner-garden-system,project,Plan a Beginner Garden System,"Plan a small bed or container garden for reliable output, maintenance, and learning rather than maximal complexity.",A small garden that fits your time and space teaches more than a sprawling one you cannot maintain.,food,"[""food""]",productive,2,4.0,low,low,"[""renter"", ""homeowner"", ""urban"", ""rural"", ""low_budget"", ""apartment""]","[""gardening"", ""layout"", ""crop-planning"", ""containers"", ""beds""]","[{""mode"": ""all_of"", ""ids"": [""foundation.systems-mapping"", ""food.seed-starting""], ""n"": null}]","[""garden layout"", ""crop plan"", ""care calendar""]",draft,compiled,[],"{""goal"": ""Design a manageable growing system that matches the site, season, water access, labor, and learning goals."", ""deliverables"": [""garden layout"", ""crop plan"", ""care calendar"", ""material list""], ""acceptance_criteria"": [""The plan fits the actual sunlight, water access, and available time."", ""The crop mix includes at least one reliable and one learning-oriented crop."", ""The layout and calendar are usable without further interpretation.""], ""time_box_hours"": 4.0, ""budget_band"": ""low"", ""team_size"": 1}",1.0.0,2026-03-13
shelter.building-envelope,concept,Understand the Building Envelope,"Understand how heat, air, moisture, insulation, and leakage pathways affect comfort, cost, and damage.","The envelope is the boundary between indoors and outdoors; when it leaks air or traps moisture badly, the whole house pays for it.",shelter,"[""shelter""]",household,2,2.0,free,low,"[""renter"", ""homeowner"", ""urban"", ""rural"", ""low_budget"", ""cold_climate"", ""hot_climate""]","[""shelter"", ""building-science"", ""heat"", ""air-sealing"", ""moisture""]","[{""mode"": ""all_of"", ""ids"": [""foundation.measurement-and-units""], ""n"": null}]","[""building-envelope diagram"", ""heat-loss note""]",draft,compiled,[],"{""definition"": ""A simple model of how heat, air, and moisture move through walls, roofs, floors, windows, and gaps."", ""key_questions"": [""Where does heat escape or enter most easily?"", ""How do air leaks differ from insulation gaps?"", ""When does moisture turn from nuisance into building damage?""], ""misconceptions"": [""Insulation alone solves all comfort problems."", ""Condensation is purely cosmetic."", ""More sealing is always better even if ventilation is ignored.""], ""formulas_or_rules"": [""Air sealing and insulation solve different but related problems."", ""Warm air carries moisture; moisture management is part of durability."", ""Control layers work best when they are continuous.""], ""units"": [""degree F"", ""degree C"", ""R-value"", ""humidity"", ""square foot""]}",1.0.0,2026-03-13
shelter.weatherization-audit,project,Run a Basic Weatherization Audit,"Inspect drafts, heat loss, leakage, and weatherization priorities to rank practical improvements.",A weatherization audit tells you where comfort and energy losses are actually happening instead of where you guess they are.,shelter,"[""shelter""]",household,2,3.0,low,low,"[""renter"", ""homeowner"", ""urban"", ""rural"", ""low_budget"", ""cold_climate"", ""hot_climate""]","[""weatherization"", ""audit"", ""heat-loss"", ""air-sealing"", ""home-performance""]","[{""mode"": ""all_of"", ""ids"": [""foundation.systems-mapping"", ""foundation.household-resilience-inventory"", ""shelter.building-envelope""], ""n"": null}]","[""weatherization audit"", ""priority fix list"", ""room-by-room notes""]",draft,compiled,[],"{""goal"": ""Inspect the building or dwelling for obvious air leakage, weak spots, and easy improvements, then rank them by impact and effort."", ""deliverables"": [""weatherization audit"", ""priority fix list"", ""room-by-room notes"", ""photo log""], ""acceptance_criteria"": [""The audit identifies where drafts, weak insulation, or leakage are likely."", ""The output ranks fixes by impact, cost, and reversibility."", ""The list clearly distinguishes owner-level from renter-friendly actions.""], ""time_box_hours"": 3.0, ""budget_band"": ""low"", ""team_size"": 1}",1.0.0,2026-03-13
shelter.moisture-and-mold-control,skill,Control Moisture and Interrupt Mold Conditions,Identify moisture sources and interrupt the conditions that allow mold and building damage to persist.,Mold control starts with moisture control; cleaning alone is not a strategy if the source remains.,shelter,"[""shelter""]",household,2,2.0,low,moderate,"[""renter"", ""homeowner"", ""urban"", ""rural"", ""low_budget"", ""cold_climate"", ""hot_climate""]","[""moisture"", ""mold"", ""ventilation"", ""inspection"", ""durability""]","[{""mode"": ""all_of"", ""ids"": [""foundation.verify-and-cite"", ""shelter.building-envelope""], ""n"": null}]","[""moisture checklist"", ""source map"", ""response plan""]",draft,compiled,[],"{""performance_statement"": ""Identify likely moisture sources, document conditions that keep surfaces damp, and create a response plan that removes the source or shortens exposure."", ""inputs"": [""visible conditions"", ""humidity or dampness observations"", ""space usage patterns""], ""tools"": [""flashlight"", ""checklist"", ""camera or notebook""], ""materials"": [""moisture checklist""], ""steps_summary"": [""Inspect areas near plumbing, exterior walls, windows, bathrooms, kitchens, and basements or crawlspaces."", ""Classify the moisture source: leak, condensation, infiltration, or occupant load."", ""Record what keeps the area damp: poor airflow, low heat, trapped vapor, or repeated wetting."", ""Choose corrective actions that target the source first."", ""Set a follow-up check date.""], ""success_criteria"": [""The response plan targets the source, not only the surface."", ""Areas needing escalation are clearly identified."", ""The learner can explain the difference between leak-driven and condensation-driven problems.""], ""failure_modes"": [""Treating visible mold as only a cleaning problem."", ""Ignoring intermittent leaks or seasonal condensation patterns."", ""Failing to recheck after the first intervention.""], ""safety_boundary"": ""Escalate persistent, extensive, or health-sensitive cases to qualified local guidance; do not disturb hazardous materials or hidden cavities without appropriate precautions.""}",1.0.0,2026-03-13
repair.hand-tool-literacy,skill,Use Essential Hand Tools Confidently,"Use measuring, tightening, cutting, fastening, and basic repair tools safely and effectively.",Tool literacy lowers the barrier to fixing simple problems before they become expensive ones.,repair,"[""repair""]",household,1,2.5,low,moderate,"[""renter"", ""homeowner"", ""urban"", ""rural"", ""low_budget""]","[""tools"", ""repair"", ""measurement"", ""fasteners"", ""maintenance""]","[{""mode"": ""all_of"", ""ids"": [""foundation.measurement-and-units""], ""n"": null}]","[""tool competency checklist"", ""starter tool list""]",draft,compiled,[],"{""performance_statement"": ""Demonstrate correct selection and basic use of essential hand tools for common household tasks."", ""inputs"": [""task list"", ""tool list"", ""fastener types"", ""material types""], ""tools"": [""measuring tape"", ""screwdrivers"", ""adjustable wrench"", ""pliers"", ""utility knife"", ""hammer""], ""materials"": [""sample fasteners or scrap material"", ""checklist""], ""steps_summary"": [""Match each tool to the task and material."", ""Demonstrate measuring, fastening, loosening, cutting, and gripping with control."", ""Identify common fastener types and the right driver or wrench fit."", ""Store tools and blades safely after use."", ""Record gaps in the starter tool list.""], ""success_criteria"": [""The learner uses tools without damaging the fastener or material."", ""The learner can name when not to force a tool fit."", ""The checklist shows which core tools are present or still needed.""], ""failure_modes"": [""Using the wrong size driver or wrench."", ""Applying force before understanding the fastener direction or material."", ""Neglecting blade safety and hand placement.""], ""safety_boundary"": ""Do not improvise on energized, pressurized, or structurally critical systems when the task exceeds basic hand-tool work.""}",1.0.0,2026-03-13
repair.shutoffs-seals-and-patches,skill,"Locate Shutoffs, Seal Gaps, and Make Minor Temporary Repairs","Locate shutoffs, stop minor leaks, seal gaps, and make temporary repairs that buy time and reduce damage.","Fast, basic intervention often matters more than elegant intervention in the first minutes of a household problem.",repair,"[""repair""]",household,2,2.5,low,moderate,"[""renter"", ""homeowner"", ""urban"", ""rural"", ""low_budget""]","[""repair"", ""shutoffs"", ""sealing"", ""patching"", ""damage-control""]","[{""mode"": ""all_of"", ""ids"": [""shelter.moisture-and-mold-control"", ""repair.hand-tool-literacy""], ""n"": null}]","[""shutoff map"", ""patch kit list"", ""temporary repair notes""]",draft,compiled,[],"{""performance_statement"": ""Find the key shutoffs, assemble a small response kit, and apply simple reversible fixes for gaps, drips, and minor surface damage."", ""inputs"": [""household layout"", ""known utility fixtures"", ""minor repair materials""], ""tools"": [""flashlight"", ""hand tools"", ""marker"", ""camera""], ""materials"": [""sealants or weatherstripping"", ""absorbent materials"", ""temporary patch supplies"", ""checklist""], ""steps_summary"": [""Locate water and utility shutoffs and label or map them."", ""Assemble a small kit for leaks, drafts, and minor patching."", ""Apply simple sealing or temporary patching to a low-risk target."", ""Document what worked, what did not, and what still needs escalation."", ""Store the map and kit where others can find them.""], ""success_criteria"": [""Shutoff locations are recorded and usable under stress."", ""The patch or seal improves the problem without creating a larger one."", ""The learner can tell temporary repair from durable repair.""], ""failure_modes"": [""Not knowing the right shutoff until an emergency starts."", ""Using the wrong sealant or patch for the material or moisture condition."", ""Treating a temporary fix as a permanent solution.""], ""safety_boundary"": ""Temporary repairs buy time; stop and escalate when structural, electrical, gas, or concealed damage is possible.""}",1.0.0,2026-03-13
power.circuit-basics,concept,Understand Basic Circuits and Household Loads,"Understand volts, amps, watts, watt-hours, breakers, and common household loads so power choices are realistic.",Power problems become much easier once you know the difference between how fast energy is used and how much energy you have stored.,power,"[""power""]",household,2,2.0,free,moderate,"[""renter"", ""homeowner"", ""urban"", ""rural"", ""low_budget"", ""off_grid""]","[""electricity"", ""circuits"", ""loads"", ""energy"", ""backup-power""]","[{""mode"": ""all_of"", ""ids"": [""foundation.measurement-and-units""], ""n"": null}]","[""power formula card"", ""device label notes""]",draft,compiled,[],"{""definition"": ""A beginner model of household electrical loads, circuit limits, and the relationship between power and stored energy."", ""key_questions"": [""What is the difference between watts and watt-hours?"", ""Why do some devices have startup surges?"", ""How do breakers and circuit limits constrain what can run together?""], ""misconceptions"": [""High voltage automatically means high energy use."", ""Battery capacity alone tells you whether a device will run."", ""Nameplate numbers always equal real-world operating behavior.""], ""formulas_or_rules"": [""Power is rate; energy is quantity over time."", ""Add running loads before comparing them to available capacity."", ""Startup surge and inverter losses reduce effective margin.""], ""units"": [""volt"", ""amp"", ""watt"", ""watt-hour"", ""kilowatt-hour"", ""breaker size""]}",1.0.0,2026-03-13
power.load-audit,project,Run a Critical Loads Audit,Inventory critical devices and outage priorities so backup plans are sized for reality rather than guesswork.,You do not need to power everything; you need to know what truly matters and what it costs to keep it running.,power,"[""power""]",household,2,3.0,low,moderate,"[""renter"", ""homeowner"", ""urban"", ""rural"", ""low_budget"", ""off_grid""]","[""power"", ""load-audit"", ""outages"", ""priority-setting"", ""inventory""]","[{""mode"": ""all_of"", ""ids"": [""foundation.systems-mapping"", ""foundation.household-resilience-inventory"", ""power.circuit-basics""], ""n"": null}]","[""load sheet"", ""critical load tiers"", ""device inventory""]",draft,compiled,[],"{""goal"": ""Create a ranked list of critical loads, their power draw, duty cycle, and outage priority over different durations."", ""deliverables"": [""load sheet"", ""critical load tiers"", ""device inventory"", ""usage assumptions""], ""acceptance_criteria"": [""The audit separates essential, important, and optional loads."", ""Each listed load includes at least a reasonable wattage estimate and use pattern."", ""The output is specific enough to size backup options.""], ""time_box_hours"": 3.0, ""budget_band"": ""low"", ""team_size"": 1}",1.0.0,2026-03-13
power.runtime-calculation,skill,Estimate Runtime from Stored or Generated Power,"Calculate runtime from batteries, generators, or power stations using load, efficiency, and duty-cycle assumptions.",Runtime is where wishful thinking meets arithmetic.,power,"[""power""]",household,2,1.5,free,moderate,"[""renter"", ""homeowner"", ""urban"", ""rural"", ""low_budget"", ""off_grid""]","[""runtime"", ""calculation"", ""batteries"", ""generators"", ""loads""]","[{""mode"": ""all_of"", ""ids"": [""foundation.measurement-and-units"", ""power.circuit-basics"", ""power.load-audit""], ""n"": null}]","[""runtime table"", ""assumption notes""]",draft,compiled,[],"{""performance_statement"": ""Estimate how long a power source can support one or more loads and document the assumptions that change the answer most."", ""inputs"": [""usable energy estimate"", ""load sheet"", ""efficiency assumptions"", ""duty cycle""], ""tools"": [""calculator"", ""worksheet or spreadsheet""], ""materials"": [""load sheet"", ""runtime template""], ""steps_summary"": [""Identify usable energy and convert it into a common unit."", ""Select one or more loads and estimate whether they run continuously or intermittently."", ""Account for conversion losses or practical margins."", ""Calculate runtime for essential scenarios."", ""Record the assumptions that most affect the result.""], ""success_criteria"": [""The result uses consistent units throughout."", ""The learner can explain how duty cycle and losses change the answer."", ""The runtime table is readable by another household member.""], ""failure_modes"": [""Mixing watts and watt-hours."", ""Ignoring surge, duty cycle, or efficiency losses."", ""Assuming rated capacity is fully usable in all conditions.""], ""safety_boundary"": ""This is a planning calculation, not a substitute for manufacturer limits, electrical code, or safe generator and battery practices.""}",1.0.0,2026-03-13
power.backup-power-plan,project,Draft a Tiered Backup Power Plan,"Produce low-, mid-, and high-budget backup options tied to critical loads, runtime goals, and local constraints.",A good backup plan gives you options instead of one expensive fantasy setup.,power,"[""power""]",household,3,3.5,low,moderate,"[""renter"", ""homeowner"", ""urban"", ""rural"", ""low_budget"", ""off_grid""]","[""backup-power"", ""planning"", ""budgeting"", ""outages"", ""energy-resilience""]","[{""mode"": ""all_of"", ""ids"": [""foundation.ai-grounded-research"", ""power.load-audit"", ""power.runtime-calculation""], ""n"": null}]","[""backup power plan"", ""budget-tier comparison"", ""decision log""]",draft,compiled,[],"{""goal"": ""Create a practical backup power plan with tiered options, tradeoffs, and clear matching to critical loads and outage duration goals."", ""deliverables"": [""backup power plan"", ""budget-tier comparison"", ""decision log"", ""maintenance checklist""], ""acceptance_criteria"": [""Each tier names what it can and cannot support."", ""The plan documents assumptions, local constraints, and maintenance burdens."", ""The decision log explains why one tier is preferred for the current situation.""], ""time_box_hours"": 3.5, ""budget_band"": ""low"", ""team_size"": 1}",1.0.0,2026-03-13
community.local-resource-map,project,"Map Local Skills, Tools, Sources, and Shared Assets","Map local tools, skills, food sources, water sources, spaces, and contacts that matter in normal times and disruptions.",Community resilience improves when people know what already exists nearby and who can do what.,community,"[""community""]",community,2,3.0,free,low,"[""urban"", ""rural"", ""low_budget"", ""off_grid""]","[""community"", ""mapping"", ""mutual-aid"", ""assets"", ""coordination""]","[{""mode"": ""all_of"", ""ids"": [""foundation.systems-mapping"", ""foundation.household-resilience-inventory""], ""n"": null}]","[""local resource map"", ""contact and capability list"", ""sharing protocol notes""]",draft,compiled,[],"{""goal"": ""Create a local map of people, places, and assets that could support mutual aid, repair, food access, water access, and emergency coordination."", ""deliverables"": [""local resource map"", ""contact and capability list"", ""sharing protocol notes""], ""acceptance_criteria"": [""The map includes both physical resources and human skills."", ""The output distinguishes public, private, and permission-based resources."", ""Contact or access notes are clear enough to be useful but respectful of privacy.""], ""time_box_hours"": 3.0, ""budget_band"": ""free"", ""team_size"": 1}",1.0.0,2026-03-13
community.teach-forward-session,project,Deliver a Teach-Forward Session,Teach one completed capability to others in a 10–20 minute session using a durable artifact and clear language.,"Knowledge spreads when someone can pass it on simply, not when they merely possess it privately.",community,"[""community""]",community,2,2.5,free,low,"[""general"", ""urban"", ""rural"", ""low_budget"", ""off_grid""]","[""teaching"", ""knowledge-transfer"", ""community"", ""facilitation"", ""documentation""]","[{""mode"": ""all_of"", ""ids"": [""foundation.verify-and-cite""], ""n"": null}, {""mode"": ""n_of"", ""ids"": [""water.household-water-plan"", ""food.pantry-design"", ""food.beginner-garden-system"", ""shelter.weatherization-audit"", ""power.backup-power-plan"", ""community.local-resource-map""], ""n"": 2}]","[""lesson plan"", ""one-page handout"", ""micro-session notes""]",draft,compiled,[],"{""goal"": ""Prepare and deliver a short lesson that transfers one usable capability and leaves behind a handout, checklist, or map that others can reuse."", ""deliverables"": [""lesson plan"", ""one-page handout"", ""micro-session notes"", ""participant feedback notes""], ""acceptance_criteria"": [""The lesson has a clear promise, steps, and artifact."", ""A general audience can follow the language without insider jargon."", ""At least one participant could use the handout without the instructor present.""], ""time_box_hours"": 2.5, ""budget_band"": ""free"", ""team_size"": 1}",1.0.0,2026-03-13
